{"warmup loss": 4.19477653503418, "_timestamp": 1665598853.3815658, "_runtime": 8733.486628770828, "_step": 39616, "test acc1": 59.21, "test acc2": 65.96, "test acc_mean": 65.24, "epoch": 200, "lr": 2.0000000000000005e-05, "time": 8727.755509376526, "loss_net1": 5.090254783630371, "_wandb": {"runtime": 8732}}